exp_id	date	parent_commit	commit	hypothesis	verdict	primary_metric	val_bpb	memory_gb	status	notes
AL-20260328-000	2026-03-28	—	—	cu13 torch fails CUDA init on host; cu124 wheel fixes driver mismatch	correct	n/a	n/a	n/a	n/a	env-only; see build log
AL-20260328-001	2026-03-28	—	df152a4	baseline reproduces stable final_int8_ttt_lora on 1 shard	n/a	final_int8_ttt_lora	1.6099	11.9	keep	first full run; train ~10min + TTT eval ~23min on 3090
AL-20260328-002	2026-03-28	df152a4	d9ca661	fewer KV heads → faster steps + lower KV traffic → better bpb in 600s	correct	final_int8_ttt_lora	1.5921	11.4	keep	356 vs 342 steps; NUM_KV_HEADS 4→2 default
AL-20260328-003	2026-03-28	d9ca661	262d70f	half global batch → 2× optimizer steps in same wall → better bpb	correct	final_int8_ttt_lora	1.4239	6.0	keep	695 steps; TRAIN_BATCH_TOKENS 524288→262144 default
AL-20260328-004	2026-03-28	262d70f	bab9bf7	higher Muon matrix LR escapes slow directions faster in fixed wall	correct	final_int8_ttt_lora	1.4129	5.9	keep	MATRIX_LR 0.04→0.06 default
AL-20260329-001	2026-03-29	7d82565	7d82565	baseline reproduces the tuned mar28 defaults on the current system torch stack and may shift the runtime frontier	n_a	final_int8_ttt_lora	1.3990	4.9	keep	751 steps in 600.3s; total int8+zlib artifact 12.64 MB; zlib 1.4313; TTT eval 800s on 3090
AL-20260329-002	2026-03-29	b56e02e	79fbd98	adding one layer will use the current artifact headroom more effectively than it harms fixed-budget step count	wrong	final_int8_ttt_lora	1.4113	5.4	discard	676 steps in 600.5s; artifact 13.67 MB; zlib 1.4424; TTT eval 885s; depth alone lost too many steps
AL-20260329-003	2026-03-29	2f62202	9525840	10 layers can beat the 9-layer baseline if a smaller batch recovers enough optimizer steps under the same 600s budget	correct	final_int8_ttt_lora	1.3916	4.2	keep	878 steps in 600.6s; artifact 14.52 MB; zlib 1.4259; TTT eval 886s; depth was step-starved rather than fundamentally bad
AL-20260329-004	2026-03-29	9449b52	41e9478	after depth-plus-step recovery wins at 196608 tokens, another batch reduction to 131072 will improve further before gradient noise dominates	partial	final_int8_ttt_lora	1.3913	2.9	keep	1208 steps in 600.1s; artifact 15.82 MB; zlib 1.4270; only a 0.0003 improvement over the 196608 run, so likely near the flat part of the frontier
AL-20260329-005	2026-03-29	1bcc1e9	0f3bc82	with 10 layers, reducing KV heads from 2 to 1 can recover attention speed with less batch-noise penalty than pushing batch tokens down to 131072	wrong	final_int8_ttt_lora	1.3973	4.1	discard	896 steps in 600.3s; artifact 13.40 MB; zlib 1.4319; TTT eval 861s; cheaper attention recovered some speed but quality loss outweighed it
AL-20260329-006	2026-03-29	a86b4f1	a86b4f1	at fixed 10-layer depth, a thinner `MLP_MULT=1` may free enough compute to beat the current `MLP_MULT=2` balance	wrong	final_int8_ttt_lora	1.3986	3.7	discard	1044 steps in 600.4s; artifact 11.27 MB; zlib 1.4337; TTT eval 754s; thinner MLP bought more steps and much more artifact headroom, but the capacity loss still outweighed the speed gain
AL-20260329-007	2026-03-29	6164a8a	6164a8a	at fixed 10-layer depth, a wider `MLP_MULT=3` may improve quality enough to justify fewer steps and a larger artifact	wrong	final_int8_ttt_lora	1.4066	4.7	discard	746 steps in 600.8s; artifact 17.43 MB, over the 16 MB cap; zlib 1.4388; TTT eval 1032s; wider MLP was worse than the anchor even before accounting for invalid submission size
AL-20260329-008	2026-03-29	5258c72	5258c72	reallocating width into one more layer via `11L / MLP1` may beat the current `10L / MLP2` balance	wrong	final_int8_ttt_lora	1.4031	4.0	discard	948 steps in 600.2s; artifact 12.03 MB; zlib 1.4375; TTT eval 823s; deeper but thinner was cleaner than pure width, but still clearly worse than the `10L / MLP2` anchor
AL-20260329-009	2026-03-29	0d0f8bb	0d0f8bb	trading one layer for a wider MLP via `9L / MLP3` may be the viable width-oriented frontier	wrong	final_int8_ttt_lora	1.3953	4.2	discard	829 steps in 600.1s; artifact 16.18 MB, slightly over the cap; zlib 1.4279; TTT eval 933s; this was the strongest width branch so far and materially better than `10L / MLP3`, but it still lost to the `10L / MLP2` anchor and missed size validity
AL-20260329-010	2026-03-29	fe477f9	fe477f9	the `9L / MLP3` near-miss may need more optimizer steps rather than a different width-depth ratio	partial	final_int8_ttt_lora	1.3899	3.0	discard	1155 steps in 600.5s; artifact 17.68 MB, well over the cap; zlib 1.4257; TTT eval 933s; more steps flipped the score and produced the best raw `val_bpb` seen so far, but the compression story got worse, so it is still invalid as a challenge frontier
AL-20260329-011	2026-03-29	07d3bcc	07d3bcc	a mild `MODEL_DIM` trim may keep most of the `9L / MLP3 / 131072` gain while recovering challenge-valid size	wrong	final_int8_ttt_lora	1.3970	3.0	discard	1146 steps in 600.2s; artifact 15.64 MB, now valid; zlib 1.4324; TTT eval 926s; the mild dim trim solved the size problem cleanly but gave back too much score to challenge the current valid frontier
AL-20260329-012	2026-03-29	d99bcaa	d99bcaa	most of the width-branch gain may survive if the model keeps `9` layers and `131072` batch but drops from `MLP_MULT=3` to `MLP_MULT=2`	correct	final_int8_ttt_lora	1.3838	2.6	keep	1349 steps in 600.4s; artifact 14.73 MB, valid; zlib 1.4200; TTT eval 801s; one MLP-notch trim kept the width-step interaction while fixing size and produced the new best valid frontier
AL-20260329-013	2026-03-29	2e615f3	2e615f3	a stronger global trim to `DIM448` may recover most of the `9L / MLP3 / 131072` score while staying clearly inside the size cap	partial	final_int8_ttt_lora	1.3915	2.6	discard	1287 steps in 600.2s; artifact 14.19 MB, valid; zlib 1.4273; TTT eval 856s; stronger dim trimming recovered far more score than `DIM480`, but it still trailed the new `9L / MLP2` frontier
AL-20260329-014	2026-03-29	07ae561	07ae561	one less layer may be a cleaner size cut than dropping the third MLP notch inside each block	wrong	final_int8_ttt_lora	1.3921	2.7	discard	1304 steps in 600.1s; artifact 16.29 MB, still invalid; zlib 1.4274; TTT eval 836s; dropping one layer preserved decent quality, but it neither beat `9L / MLP2` nor solved the size problem
AL-20260329-015	2026-03-29	2843d48	2843d48	two light cuts together, one layer plus `DIM480`, may preserve score better than a single aggressive trim	correct	final_int8_ttt_lora	1.3906	2.6	discard	1292 steps in 600.4s; artifact 14.42 MB, valid; zlib 1.4267; TTT eval 829s; the combined light cuts beat the other fallback trims, but still trailed the `9L / MLP2` winner
AL-20260329-016	2026-03-29	22581b4	22581b4	the new `9L / MLP2` winner may still be meaningfully step-limited at `131072` tokens and improve further at `98304`	correct	final_int8_ttt_lora	1.3721	2.0	keep	1718 steps in 600.1s; artifact 15.48 MB, valid; zlib 1.4091; TTT eval 801s; more steps produced a major frontier jump, so the new winner was still under-trained
AL-20260329-017	2026-03-29	b2d8dfb	b2d8dfb	a small matrix-LR increase alone may improve the `9L / MLP2 / 131072` winner without needing a smaller batch	wrong	final_int8_ttt_lora	1.3909	2.6	discard	1348 steps in 600.1s; artifact 14.92 MB, valid; zlib 1.4270; TTT eval 801s; higher LR alone regressed badly, so step recovery mattered much more than this simple optimizer retune
AL-20260329-018	2026-03-29	c94a39d	c94a39d	extra steps and a small matrix-LR bump may only work together on the `9L / MLP2` frontier	partial	final_int8_ttt_lora	1.3786	2.0	discard	1719 steps in 600.1s; artifact 15.55 MB, valid; zlib 1.4148; TTT eval 801s; the combo stayed strong but still gave back clear ground to `98304` alone, so LR did not stack cleanly with the step win
AL-20260329-019	2026-03-29	d048933	d048933	the smaller fallback line `8L / MLP3 / DIM480` may also be step-limited and recover sharply at `98304`	correct	final_int8_ttt_lora	1.3808	2.1	discard	1655 steps in 600.1s; artifact 15.19 MB, valid; zlib 1.4174; TTT eval 830s; extra steps materially improved the fallback line, but not enough to catch the `9L / MLP2 / 98304` frontier
AL-20260329-020	2026-03-29	94fa74a	94fa74a	the fallback line may want both more steps and a small matrix-LR bump, even if the main line did not	wrong	final_int8_ttt_lora	1.3853	2.1	discard	1657 steps in 600.0s; artifact 15.28 MB, valid; zlib 1.4213; TTT eval 829s; the LR bump also hurt the fallback line, so more steps helped but this optimizer tweak did not
AL-20260329-021	2026-03-29	2e78e06	2e78e06	the current frontier may be over-fragmenting attention, so fewer wider query heads (`q4/kv2`) could improve quality	correct	final_int8_ttt_lora	1.3709	2.1	keep	1652 steps in 600.2s; artifact 15.33 MB, valid; zlib 1.4079; TTT eval 813s; fewer wider query heads produced a small but real frontier improvement over `q8/kv2`
AL-20260329-022	2026-03-29	7543df0	7543df0	the current frontier may be under-headed, so more narrower query heads (`q16/kv2`) could improve routing diversity	wrong	final_int8_ttt_lora	1.3968	2.0	discard	1748 steps in 600.2s; artifact 14.40 MB, valid; zlib 1.4313; TTT eval 827s; more narrower heads regressed badly, so the E1 win was directional rather than “any head change helps”
AL-20260329-023	2026-03-29	4f15c99	4f15c99	the stronger frontier may have outgrown `kv2`, so less KV sharing (`q8/kv4`) could recover quality	partial	final_int8_ttt_lora	1.3766	2.1	discard	1649 steps in 600.0s; artifact 15.31 MB, valid; zlib 1.4129; TTT eval 842s; less KV sharing helped versus the old `q8/kv2` anchor, but it still did not beat the `q4/kv2` frontier
AL-20260329-024	2026-03-29	03c306c	03c306c	the current `QK_GAIN_INIT=1.5` may be too sharp for the step-rich frontier, so a softer `QK_GAIN_INIT=1.0` could help	partial	final_int8_ttt_lora	1.3777	2.0	discard	1717 steps in 600.1s; artifact 15.45 MB, valid; zlib 1.4143; TTT eval 801s; softer attention init stayed competitive but still trailed the `q4/kv2` frontier
AL-20260329-025	2026-03-29	01de617	01de617	the current `QK_GAIN_INIT=1.5` may be too conservative for the step-rich frontier, so a sharper `QK_GAIN_INIT=2.0` could help	partial	final_int8_ttt_lora	1.3743	2.0	discard	1717 steps in 600.2s; artifact 15.48 MB, valid; zlib 1.4111; TTT eval 801s; sharper QK init beat the softer bracket, but still did not overtake the `q4/kv2` head-geometry win
AL-20260329-026	2026-03-29	6a734ab	6a734ab	the `q4/kv2` frontier may be output-path-limited, and untied embeddings plus a separate output head could buy enough expressivity to win	correct	final_int8_ttt_lora	1.3614	2.1	keep	1651 steps in 600.1s; artifact 15.78 MB, valid; zlib 1.3962; TTT eval 812s; untied outputs produced a major frontier jump, so output expressivity is now a first-class lever
AL-20260329-027	2026-03-29	30167d0	30167d0	the untied frontier may still be too loosely calibrated, so a tighter `LOGIT_SOFTCAP=20` could improve it further	correct	final_int8_ttt_lora	1.3582	2.1	keep	1651 steps in 600.3s; artifact 15.77 MB, valid; zlib 1.3938; TTT eval 813s; tighter softcap improved the untied frontier again, so calibration matters on top of output expressivity
AL-20260329-028	2026-03-29	62574a1	62574a1	the untied frontier may instead want less saturation, so a looser `LOGIT_SOFTCAP=40` could improve it	partial	final_int8_ttt_lora	1.3628	2.1	discard	1650 steps in 600.1s; artifact 15.77 MB, valid; zlib 1.3974; TTT eval 813s; looser softcap stayed strong but still lost clearly to `LOGIT_SOFTCAP=20`, so the calibration result is directional
AL-20260329-029	2026-03-29	55b5703	55b5703	the untied output head may be learning too aggressively, so a lower `HEAD_LR=0.004` could improve the frontier	partial	final_int8_ttt_lora	1.3596	2.1	discard	1651 steps in 600.2s; artifact 15.74 MB, valid; zlib 1.3942; TTT eval 813s; slower head LR stayed competitive and beat plain untied, but it still trailed `LOGIT_SOFTCAP=20`
AL-20260329-030	2026-03-29	a8333e1	a8333e1	the untied + softcap20 frontier may still want a faster output-head learning rate, and a higher `HEAD_LR=0.012` could improve it further	correct	final_int8_ttt_lora	1.3564	2.1	keep	1650 steps in 600.1s; artifact 15.80 MB, valid; zlib 1.3915; TTT eval 813s; higher head LR improved the untied + softcap20 frontier again, so output-head learning dynamics are a real lever
AL-20260330-001	2026-03-30	27327c4	27327c4	the current winner may still be slightly overconfident, so stronger clipping at `LOGIT_SOFTCAP=15` can improve the untied frontier	partial	final_int8_ttt_lora	1.3564	2.1	discard	1651 steps in 600.1s; artifact 15.81 MB, valid; zlib 1.3917; TTT eval 813s; tighter clipping effectively tied the current best at 4 decimals, but it was not clearly better and came in slightly larger
AL-20260330-002	2026-03-30	27327c4	27327c4	the current winner may already be slightly over-clipped, so relaxing to `LOGIT_SOFTCAP=25` could recover useful confidence	wrong	final_int8_ttt_lora	1.3570	2.1	discard	1652 steps in 600.2s; artifact 15.79 MB, valid; zlib 1.3920; TTT eval 812s; relaxing the softcap gave back clear ground, so the local softcap optimum is not above 20
AL-20260330-003	2026-03-30	27327c4	27327c4	the useful head-LR direction may be upward from `0.008`, but the true local optimum could still sit slightly below `0.012`	wrong	final_int8_ttt_lora	1.3599	2.1	discard	1652 steps in 600.3s; artifact 15.80 MB, valid; zlib 1.3947; TTT eval 812s; moving head LR slightly downward was clearly worse, so the local optimum is not below 0.012
AL-20260330-004	2026-03-30	27327c4	27327c4	the untied output head may still be under-updated, so raising `HEAD_LR` to `0.016` could improve the current frontier further	wrong	final_int8_ttt_lora	1.3574	2.1	discard	1654 steps in 600.3s; artifact 15.81 MB, valid; zlib 1.3930; TTT eval 812s; pushing head LR above 0.012 also lost ground, so the local optimum is not higher either
AL-20260330-005	2026-03-30	27327c4	27327c4	if stronger clipping and faster head updates are both the right local directions, the combination may stack into one more immediate frontier gain	partial	final_int8_ttt_lora	1.3565	2.1	discard	1652 steps in 600.1s; artifact 15.82 MB, valid; zlib 1.3919; TTT eval 812s; the combo stayed extremely close, but still did not beat the anchor, so the local output neighborhood looks mostly exhausted
AL-20260330-006	2026-03-30	b01face	b01face	`resid_mix` may be unnecessary on the current frontier now that the model is better trained and better calibrated	wrong	final_int8_ttt_lora	1.3763	2.1	discard	1697 steps in 600.1s; artifact 15.82 MB, valid; zlib 1.4091; TTT eval 791s; removing learned input-stream mixing regressed badly, so `resid_mix` is still doing real work on the current best line
AL-20260330-007	2026-03-30	b01face	b01face	per-channel learned residual scales may be optimization baggage rather than useful expressivity, so plain unit residual additions could improve the current frontier	wrong	final_int8_ttt_lora	1.3666	2.1	discard	1685 steps in 600.0s; artifact 15.64 MB, valid; zlib 1.3987; TTT eval 793s; removing learned residual scales still regressed clearly, so the scale parameters look useful even if they matter less than `resid_mix`
AL-20260330-008	2026-03-30	b01face	b01face	the skip structure may help, but the learned skip weights may be unnecessary, so unit skip additions could match the frontier	partial	final_int8_ttt_lora	1.3568	2.1	discard	1652 steps in 600.1s; artifact 15.80 MB, valid; zlib 1.3921; TTT eval 808s; replacing learned skip weights with unit skips nearly tied the frontier, so skip topology may matter more than learning the skip weights
AL-20260330-009	2026-03-30	b01face	b01face	the encoder/decoder-style skips may no longer be earning their keep, so removing skip topology entirely could improve the frontier	wrong	final_int8_ttt_lora	1.3610	2.1	discard	1659 steps in 600.1s; artifact 15.81 MB, valid; zlib 1.3959; TTT eval 803s; removing skip topology regressed clearly, so the topology itself helps even if learned skip weights are only a second-order effect
AL-20260330-010	2026-03-30	b01face	b01face	several individually losing residual simplifications may stack into a cleaner and better system, so the full simplification package could still win	wrong	final_int8_ttt_lora	1.3807	2.1	discard	1742 steps in 600.1s; artifact 15.65 MB, valid; zlib 1.4106; TTT eval 767s; the full residual simplification package failed badly, so there is no evidence that these control removals become good only when combined
AL-20260330-011	2026-03-30	4863d9c	4863d9c	there is real redundancy in the full K/V path, and mild all-layer latent-KV compression may preserve quality almost intact	wrong	final_int8_ttt_lora	1.3718	2.2	discard	1647 steps in 600.2s; artifact 15.83 MB, valid; zlib 1.4075; TTT eval 801s; all-layer latent-KV at 128 trained cleanly and stayed under the cap, but it lost clearly on quality and did not buy a faster evaluation path
AL-20260330-012	2026-03-30	4863d9c	4863d9c	the frontier may tolerate much more all-layer K/V compression than we expect, and stronger compression could expose a better size/speed trade	wrong	final_int8_ttt_lora	1.3865	2.1	discard	1684 steps in 600.1s; artifact 14.73 MB, valid; zlib 1.4223; TTT eval 795s; stronger all-layer latent-KV bought more steps and much more headroom, but it was clearly worse than both the frontier and the milder latent-KV baseline, so naive full-stack compression is degrading in the expected direction
AL-20260330-013	2026-03-30	4863d9c	4863d9c	upper layers may tolerate K/V compression better than earlier layers, so localizing the latent bottleneck to the top of the stack could recover much of the all-layer quality loss	partial	final_int8_ttt_lora	1.3685	2.1	discard	1672 steps in 600.1s; artifact 15.32 MB, valid; zlib 1.4030; TTT eval 804s; upper-only latent-KV recovered meaningful quality versus all-layer latent64 and beat the lower-only placement, so the mechanism is placement-sensitive, but it still stayed clearly behind the frontier
AL-20260330-014	2026-03-30	4863d9c	4863d9c	early layers may be the cleaner place to compress K/V while preserving later full-fidelity attention, so lower-only latent-KV could beat all-layer compression	partial	final_int8_ttt_lora	1.3737	2.1	discard	1674 steps in 600.2s; artifact 15.30 MB, valid; zlib 1.4095; TTT eval 805s; lower-only latent-KV improved over all-layer latent64 but trailed the upper-only version, so if latent-KV is usable at all, the upper stack is the cleaner place to localize it
AL-20260330-015	2026-03-30	4863d9c	4863d9c	the stronger latent-KV line may only make sense if its saved memory is reinvested into one more layer, so 10L plus all-layer latent64 could outperform the no-reinvestment version	wrong	final_int8_ttt_lora	1.3883	2.4	discard	1506 steps in 600.2s; artifact 15.84 MB, valid; zlib 1.4238; TTT eval 880s; reinvesting all-layer latent64 into a tenth layer gave back almost all the saved headroom and lost too many steps, so extra depth did not rescue the compressed-attention line
AL-20260330-101	2026-03-30	c2e25c0	c2e25c0	the middle of the stack may be the safest place to use a cheaper sequence mixer while preserving input formation and output refinement	wrong	final_int8_ttt_lora	1.3638	1.9	discard	replacing the middle three attention layers with sequence mixers trained cleanly and stayed small, but it still lost clearly to the attention frontier
AL-20260330-102	2026-03-30	c2e25c0	c2e25c0	if the hybrid idea is real, more of the middle stack may be replaceable than we expect	wrong	final_int8_ttt_lora	1.3698	1.8	discard	replacing the middle five attention layers bought even more steps and smaller size, but quality slipped further, so the middle-stack swap did not scale
AL-20260330-103	2026-03-30	c2e25c0	c2e25c0	alternating global routing and cheaper local mixing may work better than separating them into contiguous regions	correct	final_int8_ttt_lora	1.3559	1.9	keep	alternating attention and sequence mixers nearly beat the old frontier and proved the hybrid family is real
AL-20260330-104	2026-03-30	c2e25c0	c2e25c0	lower layers may tolerate sequence mixers better than upper layers because later attention carries the final refinement burden	correct	final_int8_ttt_lora	1.3488	1.9	keep	replacing the lower four attention layers with sequence mixers became the new best valid frontier and showed the early stack is the cleanest place to save attention cost
AL-20260330-105	2026-03-30	c2e25c0	c2e25c0	upper layers may be more replaceable than expected if attention's most critical role is in early representation building	wrong	final_int8_ttt_lora	1.3603	1.9	discard	replacing the upper four attention layers stayed respectable, but it clearly lost to both the lower-stack and alternating hybrid placements
AL-20260330-106	2026-03-30	c2e25c0	c2e25c0	the current untied dense head may be overbuilt, and a low-rank factorization with rank 128 can preserve the useful part of the gain	wrong	final_int8_ttt_lora	1.3972	2.2	discard	the rank-128 low-rank head regressed badly, so the current output win is not coming from easily compressible low-rank structure
AL-20260330-107	2026-03-30	c2e25c0	c2e25c0	the logits may be structured enough that a rank-64 head still preserves most of the useful behavior	wrong	final_int8_ttt_lora	1.4255	2.2	discard	pushing low-rank harder collapsed the output path further, so the low-rank direction cliffs sharply
AL-20260330-108	2026-03-30	c2e25c0	c2e25c0	a two-stage bottleneck head may express a better logit mapping than a single dense matrix at similar cost	wrong	final_int8_ttt_lora	1.3862	2.1	discard	the nonlinear bottleneck head was still far behind the dense untied head, so richer output structure did not help in this form
AL-20260330-109	2026-03-30	c2e25c0	c2e25c0	the model may not need a fully untied dense head if a tied base plus a small residual head captures the missing freedom	partial	final_int8_ttt_lora	1.3711	2.1	discard	the tied-plus-residual head was the strongest K-family variant, which suggests the untied win is partly about a corrective output path, but it was still clearly worse than the dense untied frontier
AL-20260330-110	2026-03-30	c2e25c0	c2e25c0	the output path may want its own hidden transformation before logits, especially in a tiny-model regime where the last projection is a bottleneck	wrong	final_int8_ttt_lora	1.4378	2.2	discard	the two-stage nonlinear head failed badly, so more output-head depth is not the right direction here
AL-20260330-111	2026-03-30	c2e25c0	c2e25c0	early layers may not need global context yet, so local attention in the lower stack can save cost without hurting the final score much	n_a	final_int8_ttt_lora	n/a	n/a	crash	the first local-global attention run crashed before producing a metric, so the family is still unresolved and needs a debugging pass before more local-window experiments
AL-20260330-116	2026-03-30	c2e25c0	c2e25c0	the model may want skip topology and coarse routing strength, but not full per-channel skip parameterization	correct	final_int8_ttt_lora	1.3553	2.1	keep	shared scalar skip gates beat the old frontier slightly, so the skip family really did want redesign rather than deletion
AL-20260330-117	2026-03-30	c2e25c0	c2e25c0	the model may only need a few strategically placed skip paths rather than the full current skip pattern	wrong	final_int8_ttt_lora	1.3568	2.1	discard	alternating skip links gave back most of the M1 gain, so skip density matters more than just having some skip paths
AL-20260330-118	2026-03-30	c2e25c0	c2e25c0	the model may need the residual stream blend concept, but not full per-channel freedom for it	partial	final_int8_ttt_lora	1.3574	2.1	discard	scalar resid_mix stayed close but did not win, so the mechanism matters more than the exact parameter count and still interacts with the rest of the routing system
AL-20260330-119	2026-03-30	c2e25c0	c2e25c0	the model may want residual scaling as a concept while not needing one learned scale per channel	partial	final_int8_ttt_lora	1.3581	2.1	discard	shared residual scales also stayed close but did not win, so the coarse scaling idea is plausible but not best alone
AL-20260330-120	2026-03-30	c2e25c0	c2e25c0	a cleaner routing package with shared gates may preserve most of the residual-family benefit while cutting needless flexibility	correct	final_int8_ttt_lora	1.3534	2.1	keep	the cheap routing package stacked into a real gain and became the second-best new frontier after the hybrid mixer win
AL-20260330-121	2026-03-30	c2e25c0	c2e25c0	the model may now be more attention-limited than MLP-limited, so attention weights need to move faster relative to MLP weights	partial	final_int8_ttt_lora	1.3562	2.1	keep	raising attention LR and lowering MLP LR was effectively flat to slightly better than the old anchor, so subsystem-specific LR splits are real but not a breakthrough on this line
AL-20260330-122	2026-03-30	c2e25c0	c2e25c0	the current frontier may instead be MLP-underdated or over-rotating attention updates	wrong	final_int8_ttt_lora	1.3591	2.1	discard	the opposite subsystem LR split lost clearly, so if there is an imbalance it points toward attention-up not attention-down
AL-20260330-123	2026-03-30	c2e25c0	c2e25c0	the top of the stack may be under-updated under a uniform layer LR because it carries more output-facing burden	wrong	final_int8_ttt_lora	1.3571	2.1	discard	boosting late-layer LR alone did not help, so the useful depth-wise asymmetry is not in that direction
AL-20260330-124	2026-03-30	c2e25c0	c2e25c0	the bottom of the stack may need more aggressive learning because it builds all later representations	partial	final_int8_ttt_lora	1.3561	2.1	keep	boosting early-layer LR was another near-tie, which supports the idea that the lower stack is now more important than the upper stack on this frontier
AL-20260330-125	2026-03-30	c2e25c0	c2e25c0	some future architecture ideas fail because their new parameters learn too slowly relative to the backbone of the script	partial	final_int8_ttt_lora	1.3562	2.1	keep	a generic new-mechanism LR boost stayed near the old frontier, so this looks more like a support tool for future architectures than a direct win on the current line
AL-20260330-126	2026-03-30	c2e25c0	c2e25c0	a longer warmdown may leave weights in a smoother, more quantization-friendly state without hurting the final compressed score	wrong	final_int8_ttt_lora	1.3735	2.1	discard	the longer warmdown hurt badly even though it produced a much smaller artifact, so naive gentler decay is not quantization-aware enough to help
AL-20260330-127	2026-03-30	c2e25c0	c2e25c0	the current schedule may stay too hot too long for the compressed model, and an earlier tail could improve post-quantization behavior	wrong	final_int8_ttt_lora	1.3855	2.1	discard	starting the warmdown earlier was even worse, so the frontier does not want a colder tail in this direct form
AL-20260330-128	2026-03-30	c2e25c0	c2e25c0	a brief cooldown at the end may reduce quantization damage even if the raw fp model changes very little	wrong	final_int8_ttt_lora	1.3577	2.1	discard	a short final stabilization phase stayed fairly close but still lost, so export stabilization alone is not a clear win
AL-20260330-129	2026-03-30	c2e25c0	c2e25c0	the output head may be especially sensitive to quantization, so cooling it more than the rest of the model could improve compressed behavior	partial	final_int8_ttt_lora	1.3566	2.1	discard	head-only cooldown nearly tied the old best, so output-path fragility may be part of the quantization story, but the gain was not enough to beat the frontier
AL-20260330-130	2026-03-30	c2e25c0	c2e25c0	if quantization-friendly finishing is real, the best version may need both a gentler tail and a short stabilization window	wrong	final_int8_ttt_lora	1.3834	2.1	discard	the combined quant-tail schedule failed badly, so the warmdown and stabilization effects do not stack into a useful compressed-model win in this first form
AL-20260331-001	2026-03-31	7641f2e	7641f2e	three lower mixers may preserve most of the gain while restoring some lost lower-stack attention expressivity	correct	final_int8_ttt_lora	1.3453	2.0	keep	1877 steps in 600.1s; artifact 15.04 MB, valid; zlib 1.3814; TTT eval 632s; lower-three mixers beat the old best, so the hybrid family is robust and the current winner is not a brittle one-off
AL-20260331-002	2026-03-31	7641f2e	7641f2e	the lower stack may tolerate one more mixer layer than the current lower-four design	wrong	final_int8_ttt_lora	1.3502	1.8	discard	2047 steps in 600.2s; artifact 14.41 MB, valid; zlib 1.3864; TTT eval 512s; lower-five mixers bought more speed and smaller size, but gave back enough quality to lose to the lower-four winner
AL-20260331-003	2026-03-31	7641f2e	7641f2e	a smaller mixer may preserve quality while saving bytes and compute inside the winning placement	partial	final_int8_ttt_lora	1.3488	1.9	discard	1981 steps in 600.2s; artifact 14.39 MB, valid; zlib 1.3848; TTT eval 565s; shrinking mixer width stayed exactly flat on val_bpb while saving bytes, so the mechanism is not obviously under pressure at the current width
AL-20260331-004	2026-03-31	7641f2e	7641f2e	a richer mixer may exploit the lower-stack replacement idea better than the current width	correct	final_int8_ttt_lora	1.3451	2.0	keep	1903 steps in 600.0s; artifact 15.04 MB, valid; zlib 1.3816; TTT eval 578s; widening the lower-four mixer became the new best valid frontier and suggests the mixer mechanism itself still had local headroom
AL-20260331-005	2026-03-31	7641f2e	7641f2e	the current kernel may be too narrow, and a slightly broader local window may improve the trade against removed attention	correct	final_int8_ttt_lora	1.3477	2.0	keep	1935 steps in 600.1s; artifact 14.72 MB, valid; zlib 1.3835; TTT eval 571s; a wider mixer kernel also improved on the old best, but not enough to beat the wider-mixer run
AL-20260331-006	2026-03-31	7641f2e	7641f2e	even a tiny selector over the current stream, matched skip, and one shallow anchor layer can beat fixed routing	n_a	final_int8_ttt_lora	n/a	n/a	crash	the first AttnRes-lite run crashed before producing a metric because TorchDynamo rejected a Python `id()` call inside the candidate-routing helper; the implementation was then fixed and the tranche resumed
AL-20260331-011	2026-03-31	7641f2e	7641f2e	a short mild warmdown may leave the compressed model in a better final state without freezing learning too early	wrong	final_int8_ttt_lora	1.3591	2.0	discard	1939 steps in 600.2s; artifact 14.82 MB, valid; zlib 1.3957; TTT eval 571s; even a mild warmdown regressed clearly on the hybrid winner
AL-20260331-012	2026-03-31	7641f2e	7641f2e	the new backbone may be more quantization-sensitive than the old baseline and may benefit from a longer tail	wrong	final_int8_ttt_lora	1.3649	2.0	discard	1937 steps in 600.0s; artifact 14.51 MB, valid; zlib 1.4018; TTT eval 572s; the longer warmdown was worse still, so the new hybrid backbone does not want a colder broad tail in this form
AL-20260331-013	2026-03-31	7641f2e	7641f2e	the right intervention may be a short stabilization phase near the end rather than a colder tail over many steps	wrong	final_int8_ttt_lora	1.3502	2.0	discard	1938 steps in 600.2s; artifact 14.72 MB, valid; zlib 1.3862; TTT eval 571s; final stabilization only stayed respectable but still lost to the hybrid anchor
AL-20260331-014	2026-03-31	7641f2e	7641f2e	the compressed model may improve if the head cools differently from the backbone near the end	partial	final_int8_ttt_lora	1.3489	2.0	discard	1938 steps in 600.1s; artifact 14.72 MB, valid; zlib 1.3847; TTT eval 571s; head-focused final cooldown nearly tied the hybrid winner but did not beat it, so the output path may still be the main schedule-sensitive surface
AL-20260331-015	2026-03-31	7641f2e	7641f2e	the best tail may need both a mild global decay and extra control over the output path	wrong	final_int8_ttt_lora	1.3517	2.0	discard	1939 steps in 600.1s; artifact 14.82 MB, valid; zlib 1.3879; TTT eval 571s; the combined architecture-aware tail did not stack into a win
AL-20260331-007	2026-03-31	19e6099	19e6099	one more earlier-layer candidate may improve routing quality enough to justify the extra complexity	wrong	final_int8_ttt_lora	1.5043	2.4	discard	1723 steps in 600.1s; artifact 12.49 MB, valid; zlib 1.5421; TTT eval 749s; late-layer AttnRes-lite with four sources failed badly, so the extra depth option did not rescue dynamic routing
AL-20260331-008	2026-03-31	19e6099	19e6099	most of the benefit may come only at the top of the stack where the model chooses what depth information to expose to the output path	partial	final_int8_ttt_lora	1.3499	2.1	discard	1831 steps in 600.2s; artifact 14.62 MB, valid; zlib 1.3851; TTT eval 656s; top-two-layer AttnRes-lite was vastly cleaner than the late-layer versions, but it still did not beat the hybrid frontier
AL-20260331-009	2026-03-31	19e6099	19e6099	the model may not need rich per-token depth attention and may only need a coarse shared routing rule	wrong	final_int8_ttt_lora	1.5133	2.3	discard	1728 steps in 600.0s; artifact 13.32 MB, valid; zlib 1.5519; TTT eval 738s; cheaper shared routing was just as bad as rich late-layer routing, so the problem is the placement and mechanism fit, not only routing cost
AL-20260331-010	2026-03-31	19e6099	19e6099	cheap fixed routing and dynamic depth routing may be complementary rather than redundant	wrong	final_int8_ttt_lora	1.5016	2.3	discard	1768 steps in 600.1s; artifact 12.53 MB, valid; zlib 1.5374; TTT eval 735s; stacking AttnRes-lite on the cheap-routing package still failed badly, so the two routing ideas did not combine into a useful regime
AL-20260331-016	2026-03-31	1f2c07b	1f2c07b	the hybrid mixer winner and the cheap-routing package attack different inefficiencies and should stack cleanly	correct	final_int8_ttt_lora	1.3434	1.9	keep	1938 steps in 600.0s; artifact 14.99 MB, valid; the full cheap-routing package stacked on the stronger hybrid winner and improved the frontier again
AL-20260331-017	2026-03-31	1f2c07b	1f2c07b	shared scalar skip gates may be the cleanest routing change to pair with the stronger hybrid winner	correct	final_int8_ttt_lora	1.3429	1.9	keep	1907 steps in 600.2s; artifact 15.03 MB, valid; skip gates alone became the new best valid run, so skip gating is the main compatible routing win on the hybrid backbone
AL-20260331-018	2026-03-31	1f2c07b	1f2c07b	the hybrid backbone may want simpler residual stream blending even if it does not need the whole routing package	correct	final_int8_ttt_lora	1.3437	1.9	keep	1915 steps in 600.1s; artifact 15.04 MB, valid; scalar resid_mix improved on the old hybrid anchor, so simpler residual blending is also compatible with the new backbone
AL-20260331-019	2026-03-31	1f2c07b	1f2c07b	the hybrid backbone may benefit from coarser shared residual scales even if other routing changes are unnecessary	wrong	final_int8_ttt_lora	1.3465	1.9	discard	1922 steps in 600.2s; artifact 15.01 MB, valid; shared residual scales alone gave back the gain, so that subpiece was not the stacking mechanism
AL-20260331-020	2026-03-31	1f2c07b	1f2c07b	if the routing combo is real, head-focused cooldown may help it cross the line further	partial	final_int8_ttt_lora	1.3445	1.9	keep	1939 steps in 600.1s; artifact 15.00 MB, valid; adding head cooldown kept the combo strong, but it was still worse than the simpler skip-gate winner
AL-20260331-021	2026-03-31	1f2c07b	1f2c07b	the top of the remaining attention stack may localize safely once the lower stack is already mixer-heavy	n_a	final_int8_ttt_lora	n/a	n/a	crash	the first local-attention recovery run failed because the trainer had no valid SDP backend for masked local attention; this was fixed later with a math-SDP fallback
AL-20260331-022	2026-04-01	599aef0	599aef0	the whole upper attention stack may tolerate locality once the lower stack is already handled by mixers	wrong	final_int8_ttt_lora	1.3813	2.7	discard	1263 steps in 600.0s; artifact 13.70 MB, valid; putting a 256-token window across the four upper attention layers hurt badly
AL-20260331-023	2026-04-01	599aef0	599aef0	a larger local window may preserve enough global structure to keep top-local attention viable	partial	final_int8_ttt_lora	1.3545	2.4	discard	1728 steps in 600.2s; artifact 14.87 MB, valid; widening the top-two local window to 512 recovered much of the damage, but still lost clearly to the frontier
AL-20260331-024	2026-04-01	599aef0	599aef0	alternating local and global attention may refresh global context often enough without paying for it in every block	wrong	final_int8_ttt_lora	1.3603	2.5	discard	1607 steps in 600.1s; artifact 14.67 MB, valid; alternating local attention through the upper stack did not preserve the hybrid win
AL-20260331-025	2026-04-01	599aef0	599aef0	if top-local attention is viable, a smaller window may buy extra savings before quality collapses	wrong	final_int8_ttt_lora	1.3582	2.4	discard	1715 steps in 600.0s; artifact 14.86 MB, valid; tightening the safe-looking top-two placement to a 128-token window lost too much quality
AL-20260331-026	2026-03-31	1f2c07b	1f2c07b	attention projections may be overparameterized in a way that hurts compression more than quality	wrong	final_int8_ttt_lora	1.3689	2.0	discard	1820 steps in 600.1s; artifact 15.66 MB, valid; rank-128 attention factorization saved little useful budget and cost too much quality
AL-20260331-027	2026-03-31	1f2c07b	1f2c07b	stronger attention factorization may still be viable if compression-friendliness matters more than dense projection fidelity	wrong	final_int8_ttt_lora	1.3702	2.0	discard	1943 steps in 600.1s; artifact 13.61 MB, valid; stronger attention factorization bought more size relief but did not recover quality
AL-20260331-028	2026-03-31	1f2c07b	1f2c07b	the MLP may be wasting bytes in dense projections rather than in its nonlinearity	wrong	final_int8_ttt_lora	1.8307	2.1	discard	1871 steps in 600.1s; artifact 12.64 MB, valid; factorizing the MLP to rank 256 broke the backbone badly
AL-20260331-029	2026-03-31	1f2c07b	1f2c07b	a more aggressive MLP factorization may still hold enough function if the hybrid backbone is otherwise strong	wrong	final_int8_ttt_lora	2.1075	1.9	discard	2107 steps in 600.1s; artifact 10.65 MB, valid; rank-128 MLP factorization collapsed the model completely
AL-20260331-030	2026-03-31	1f2c07b	1f2c07b	compression-native gains may only appear when attention and MLP factorization are applied together	wrong	final_int8_ttt_lora	1.4604	2.1	discard	1817 steps in 600.2s; artifact 13.36 MB, valid; combined factorization stayed far from viable, so naive low-rank compression is not the right architecture story here
AL-20260331-031	2026-03-31	1f2c07b	1f2c07b	if dynamic depth routing helps at all, it may only need the final layer and only two source states	correct	final_int8_ttt_lora	1.3440	2.0	keep	1862 steps in 600.2s; artifact 15.00 MB, valid; top-one-layer two-source AttnRes-lite beat the old hybrid anchor and revived the family in a much narrower form
AL-20260331-032	2026-03-31	1f2c07b	1f2c07b	top-two-layer dynamic routing may stay useful as long as the router is constrained to only two source states	correct	final_int8_ttt_lora	1.3443	2.1	keep	1821 steps in 600.1s; artifact 14.97 MB, valid; the cleaner top-two two-source version also beat the old hybrid anchor
AL-20260331-033	2026-03-31	1f2c07b	1f2c07b	coarse shared routing may be enough at the top of the stack	wrong	final_int8_ttt_lora	1.3526	2.1	discard	1797 steps in 600.1s; artifact 14.95 MB, valid; shared-scalar top-only routing lost clearly, so the revived family still wants token-wise flexibility
AL-20260331-034	2026-03-31	1f2c07b	1f2c07b	the final layer may benefit from a richer three-source top-only router rather than the cleaner two-source form	wrong	final_int8_ttt_lora	1.3465	2.0	discard	1853 steps in 600.1s; artifact 14.99 MB, valid; the richer final-layer router gave back the small gain, so extra sources were not helpful even at the top
AL-20260331-035	2026-03-31	1f2c07b	1f2c07b	top-only dynamic routing may stack with the clean shared skip-gate redesign	correct	final_int8_ttt_lora	1.3433	2.1	keep	1820 steps in 600.1s; artifact 14.95 MB, valid; top-two-layer AttnRes-lite plus shared skip gates became the second-best run in the whole queue and proved the narrow routing line is real
AL-20260331-036	2026-03-31	1f2c07b	1f2c07b	the current relu^2 MLP should remain strong when surfaced through the new configurable MLP path	correct	final_int8_ttt_lora	1.3449	1.9	keep	1906 steps in 600.1s; artifact 15.05 MB, valid; relu^2 still matched the frontier class under the new MLP implementation surface
AL-20260331-037	2026-03-31	1f2c07b	1f2c07b	plain ReLU may be enough once the backbone is stronger and more routing-efficient	wrong	final_int8_ttt_lora	1.3619	1.9	discard	1908 steps in 600.1s; artifact 15.11 MB, valid; dropping the square hurt clearly, so the current MLP really is using the stronger nonlinearity
AL-20260331-038	2026-03-31	1f2c07b	1f2c07b	a smooth SiLU MLP may shape features better than relu^2 on the hybrid frontier	wrong	final_int8_ttt_lora	1.3605	1.9	discard	1905 steps in 600.1s; artifact 15.10 MB, valid; SiLU underperformed clearly, so smoothness alone is not the missing ingredient
AL-20260331-039	2026-03-31	1f2c07b	1f2c07b	GELU may fit the small-model regime better than a hard-threshold squared activation	wrong	final_int8_ttt_lora	1.3607	1.9	discard	1904 steps in 600.1s; artifact 15.10 MB, valid; GELU also lost clearly, so the broad MLP family stays on the relu^2 side
AL-20260331-040	2026-04-01	1f2c07b	1f2c07b	a gated SiLU MLP may beat all simple activation families if gating is the real missing ingredient	partial	final_int8_ttt_lora	1.3460	2.3	discard	1643 steps in 600.1s; artifact 19.06 MB, invalid; the gated SiLU MLP was competitive on bpb but broke the size cap, so gating remains a possible later branch
AL-20260331-041	2026-04-01	1f2c07b	1f2c07b	relu^2 remains the right local anchor inside the polynomial-family tranche	correct	final_int8_ttt_lora	1.3451	1.9	discard	1907 steps in 600.1s; artifact 15.04 MB, valid; the polynomial tranche anchor exactly reproduced the current best backbone under the new MLP-mode surface
AL-20260331-042	2026-04-01	1f2c07b	1f2c07b	a stronger cubic emphasis may improve feature expressivity beyond relu^2	wrong	final_int8_ttt_lora	1.3630	1.9	discard	1903 steps in 600.1s; artifact 14.86 MB, valid; pure relu^3 hurt badly, so stronger polynomial emphasis was the wrong direction
AL-20260331-043	2026-04-01	1f2c07b	1f2c07b	the model may want both gentle linear behavior and quadratic amplification inside the MLP	correct	final_int8_ttt_lora	1.3444	1.9	keep	1908 steps in 600.2s; artifact 15.06 MB, valid; mixing linear and quadratic terms produced the best non-anchor MLP result and stayed very close to the frontier
AL-20260331-044	2026-04-01	1f2c07b	1f2c07b	a small cubic correction on top of relu^2 may help without the full instability of relu^3	wrong	final_int8_ttt_lora	1.3532	1.9	discard	1907 steps in 600.1s; artifact 14.98 MB, valid; adding a cubic tail still hurt clearly, so cubic structure does not look useful here
AL-20260331-045	2026-04-01	1f2c07b	1f2c07b	polynomial behavior may work better if the hidden path is normalized before squaring	partial	final_int8_ttt_lora	1.3456	1.9	discard	1905 steps in 600.1s; artifact 15.11 MB, valid; norm-before-square stayed close, but it still did not beat the plain relu^2 baseline
